{"cameraMode":{"drawMode":0,"name":"Shaded","section":"Shading Mode"},"sceneLighting":true,"audioPlay":false,"sceneViewState":{"showFog":true,"showMaterialUpdate":true,"showSkybox":true,"showFlares":true,"showImageEffects":true,"showParticleSystems":true},"in2DMode":false,"pivot":{"x":-9.187121391296387,"y":1.5514652729034424,"z":4.9105329513549809},"rotation":{"x":-0.02197520062327385,"y":-0.5070133805274963,"z":-0.012929818592965603,"w":0.861580491065979},"size":5.418408393859863,"orthographic":false}